{
    "PCH1": 0.01888,
    "PCH2": 0.016027,
    "PCH3": 0.010235,
    "PCH4": 0.00869,
    "PCH5": 0.001009,
    "MT01": 0.007603,
    "MT02": 0.008147,
    "MT03": 0.001672,
    "MT04": 0.004886,
    "MT05": 0.010321,
    "MT06": 0.009234,
    "MT07": 0.001787,
    "MT08": 0.004342,
    "BN01": 0.002249,
    "BN02": 0.001441,
    "BN03": 0.000979,
    "BN04": 0.001556,
    "BN05": 0.002365,
    "PL01": 0.013174,
    "PL02": 0.005973,
    "PL03": 0.002481,
    "PL04": 0.002712,
    "PL05": 0.006516,
    "PL06": 0.003255,
    "PL07": 0.002596,
    "PL08": 0.009777,
    "PL09": 0.005429,
    "PL10": 0.003799,
    "PL11": 0.001325,
    "DX01": 0.002134,
    "DX02": 0.001903
}